{
  "about_url": null,
  "license_url": null,
  "assets": {
  },
  "modifiers": {
    "serialize_topic_excerpts": true
  },
  "name": "Air Theme",
  "color_schemes": {
    "air-light": {
      "primary": "1c1c1c",
      "secondary": "F9FCFF",
      "tertiary": "3877e5",
      "quaternary": "7E8B93",
      "header_background": "F9FCFF",
      "header_primary": "122b43",
      "highlight": "E6CB37",
      "danger": "D05454",
      "success": "71BD9F",
      "love": "C16AD7"
    },
    "air-dark": {
      "primary": "E0E0E0",
      "secondary": "2D2D2D",
      "tertiary": "9A5CFD",
      "quaternary": "71bd9f",
      "header_background": "202020",
      "header_primary": "E0E0E0",
      "highlight": "9A5CFD",
      "danger": "D05454",
      "success": "71BD9F",
      "love": "C16AD7"
    }
  },
  "components": ["https://github.com/jordanvidrine/discourse-category-group-boxes.git","https://github.com/discourse/discourse-color-scheme-toggle.git","https://github.com/discourse/discourse-loading-slider.git","https://github.com/discourse/discourse-clickable-topic.git","https://github.com/discourse/discourse-search-banner.git"]
}